{"dt": 0.08333333333333333, "num_hours": 24, "start_hour": 0, "p_co2": 0, "co2_grid": [[16672896000, 0.3930632720934346], [16672899000, 0.3901457956875267], [16672902000, 0.38831134112963506], [16672905000, 0.38179049939939963], [16672908000, 0.38166128451798004], [16672911000, 0.3731009823173719], [16672914000, 0.3683744982687709], [16672917000, 0.36667336934231126], [16672920000, 0.3621607201342183], [16672923000, 0.35689090797414713], [16672926000, 0.3717152209853188], [16672929000, 0.3665865365688498], [16672932000, 0.38216146664982253], [16672935000, 0.3819719113112814], [16672938000, 0.3801553450152948], [16672941000, 0.37995556155209315], [16672944000, 0.37541072546398163], [16672947000, 0.3760115549064269], [16672950000, 0.37046301055904896], [16672953000, 0.3703880409087259], [16672956000, 0.3704529167773832], [16672959000, 0.374313643969117], [16672962000, 0.3762738530492476], [16672965000, 0.37574945868972703], [16672968000, 0.3819258931739515], [16672971000, 0.3820297557905045], [16672974000, 0.3817510147843515], [16672977000, 0.37977147752663293], [16672980000, 0.3824248989659136], [16672983000, 0.3827352214588564], [16672986000, 0.3878440084580484], [16672989000, 0.385248321922802], [16672992000, 0.3887738711015658], [16672995000, 0.38914775243981], [16672998000, 0.3939258398063273], [16673001000, 0.3973040422576282], [16673004000, 0.37569250408412763], [16673007000, 0.3809620871101263], [16673010000, 0.38015162374855066], [16673013000, 0.3871401529324035], [16673016000, 0.39255075700823805], [16673019000, 0.3921204400933816], [16673022000, 0.38839349907726245], [16673025000, 0.38626303808578055], [16673028000, 0.39079609259282955], [16673031000, 0.391173485551454], [16673034000, 0.3934053016788251], [16673037000, 0.3918755772377198], [16673040000, 0.3790133626822683], [16673043000, 0.3865955290558887], [16673046000, 0.396309588173392], [16673049000, 0.40399176528925757], [16673052000, 0.41326995725719445], [16673055000, 0.41137743200484334], [16673058000, 0.415058396130356], [16673061000, 0.43149559691231715], [16673064000, 0.43850387637435545], [16673067000, 0.4413843580171222], [16673070000, 0.44604020211029866], [16673073000, 0.44392425140112984], [16673076000, 0.4096849436354358], [16673079000, 0.38380927891422517], [16673082000, 0.3995964292230472], [16673085000, 0.4089878892484163], [16673088000, 0.4168461782897171], [16673091000, 0.437923857348065], [16673094000, 0.455301908827699], [16673097000, 0.4447748552917963], [16673100000, 0.45638701190465497], [16673103000, 0.4773824498423338], [16673106000, 0.47944310623398256], [16673109000, 0.4793155644804199], [16673112000, 0.48675505336128405], [16673115000, 0.48501426269988684], [16673118000, 0.48496770413129875], [16673121000, 0.4632630318049899], [16673124000, 0.4678716058237331], [16673127000, 0.44632867514071], [16673130000, 0.4463408497420458], [16673133000, 0.42470986645405057], [16673136000, 0.4165804182720654], [16673139000, 0.40554470671828274], [16673142000, 0.3998561919088737], [16673145000, 0.40436516058151656], [16673148000, 0.4400131483132284], [16673151000, 0.4343462316546833], [16673154000, 0.43010295138423843], [16673157000, 0.38207941303953574], [16673160000, 0.38157942829087393], [16673163000, 0.3730066034252886], [16673166000, 0.367636425550853], [16673169000, 0.34938578685470323], [16673172000, 0.34673543752870506], [16673175000, 0.3364316174813844], [16673178000, 0.34165728315537147], [16673181000, 0.3345904587937312], [16673184000, 0.3484738204524729], [16673187000, 0.3796439838398172], [16673190000, 0.400154767705257], [16673193000, 0.3756548405762768], [16673196000, 0.38183275193442495], [16673199000, 0.3658562580078497], [16673202000, 0.3774884285337288], [16673205000, 0.3744062016344145], [16673208000, 0.3724973192799337], [16673211000, 0.31473433290293207], [16673214000, 0.31419954831512414], [16673217000, 0.3162861385900516], [16673220000, 0.3271011838271674], [16673223000, 0.31514927503577433], [16673226000, 0.3135938594842552], [16673229000, 0.3356269873656766], [16673232000, 0.32331125603127736], [16673235000, 0.327170524888483], [16673238000, 0.3248960147940857], [16673241000, 0.32383107145094725], [16673244000, 0.3264568168802779], [16673247000, 0.31985458641589765], [16673250000, 0.3232650098670054], [16673253000, 0.3262889920547238], [16673256000, 0.3302946021920624], [16673259000, 0.3183814114075377], [16673262000, 0.3056702697751446], [16673265000, 0.3024353689870047], [16673268000, 0.3064806421224606], [16673271000, 0.30393056187973394], [16673274000, 0.3023446232602651], [16673277000, 0.3011287528158388], [16673280000, 0.3032414908722844], [16673283000, 0.3048210037426597], [16673286000, 0.3035609302172851], [16673289000, 0.31080400810423453], [16673292000, 0.30604540532868935], [16673295000, 0.30518395931414566], [16673298000, 0.3102142207117263], [16673301000, 0.30752984090560237], [16673304000, 0.30134524465742735], [16673307000, 0.30452970128517604], [16673310000, 0.3063159568127623], [16673313000, 0.3056973719076071], [16673316000, 0.3035528248278128], [16673319000, 0.3033330711925646], [16673322000, 0.2980709101211063], [16673325000, 0.29331300497812546], [16673328000, 0.28925724039769113], [16673331000, 0.2957578188499574], [16673334000, 0.29441994674095356], [16673337000, 0.2916724558597479], [16673340000, 0.29774234249909753], [16673343000, 0.29831626142152007], [16673346000, 0.3002521620796035], [16673349000, 0.30247170144697505], [16673352000, 0.30208794001267253], [16673355000, 0.300243189010678], [16673358000, 0.3007867426614826], [16673361000, 0.3015768838601835], [16673364000, 0.2919938661659506], [16673367000, 0.29623829251285244], [16673370000, 0.30498522828180746], [16673373000, 0.30209870550611834], [16673376000, 0.30938516315190867], [16673379000, 0.3093565520991047], [16673382000, 0.31623167050764583], [16673385000, 0.31699743232599625], [16673388000, 0.321303134347694], [16673391000, 0.31791373919592253], [16673394000, 0.31392270444684317], [16673397000, 0.3268501130128743], [16673400000, 0.30581599315505453], [16673403000, 0.3013033446010289], [16673406000, 0.31342285122438546], [16673409000, 0.32670830689746494], [16673412000, 0.336698029703717], [16673415000, 0.34823081533373673], [16673418000, 0.3543376281613635], [16673421000, 0.36616787513337484], [16673424000, 0.3734389614936264], [16673427000, 0.3731573722736943], [16673430000, 0.3673986046025379], [16673433000, 0.36236134708362505], [16673436000, 0.32339825254888366], [16673439000, 0.31496856711392224], [16673442000, 0.33263001906793394], [16673445000, 0.31946124114157026], [16673448000, 0.3482687758690897], [16673451000, 0.37373025192257003], [16673454000, 0.3974039836861687], [16673457000, 0.41318207056844186], [16673460000, 0.45809555190347434], [16673463000, 0.4769307760669393], [16673466000, 0.4998202959750111], [16673469000, 0.5034096306025574], [16673472000, 0.37531294555252165], [16673475000, 0.3652424589802494], [16673478000, 0.37370129408815567], [16673481000, 0.3897017211917631], [16673484000, 0.4020642435023376], [16673487000, 0.4207641970138661], [16673490000, 0.4292420428871171], [16673493000, 0.4385167252195126], [16673496000, 0.44577761285291456], [16673499000, 0.4524545294679012], [16673502000, 0.45386164332057927], [16673505000, 0.4593470810637948], [16673508000, 0.4027520072058459], [16673511000, 0.39803286301776236], [16673514000, 0.3984756887723315], [16673517000, 0.4010106548743521], [16673520000, 0.4027837185712786], [16673523000, 0.40704686131042295], [16673526000, 0.4079235286910321], [16673529000, 0.4099761669185653], [16673532000, 0.41029149724202635], [16673535000, 0.4112795426932614], [16673538000, 0.41030509300153595], [16673541000, 0.40754008029762545], [16673544000, 0.3916929666743098], [16673547000, 0.3919757160924435], [16673550000, 0.3900558627210033], [16673553000, 0.3894877120612104], [16673556000, 0.39191997848701954], [16673559000, 0.39630899354341276], [16673562000, 0.38586806632488074], [16673565000, 